{"cameraMode":{"drawMode":0,"name":"Shaded","section":"Shading Mode"},"sceneLighting":true,"audioPlay":false,"sceneViewState":{"m_AlwaysRefresh":false,"showFog":true,"showSkybox":true,"showFlares":true,"showImageEffects":true,"showParticleSystems":true,"showVisualEffectGraphs":true,"m_FxEnabled":true},"in2DMode":false,"pivot":{"x":417.58148193359377,"y":247.78271484375,"z":1850.62060546875},"rotation":{"x":-0.004809096455574036,"y":-0.0009028309723362327,"z":0.0000046503650992235638,"w":-0.9999803304672241},"size":1157.2515869140625,"orthographic":false}