{"cameraMode":{"drawMode":0,"name":"Shaded","section":"Shading Mode"},"sceneLighting":true,"audioPlay":false,"sceneViewState":{"m_AlwaysRefresh":false,"showFog":true,"showSkybox":true,"showFlares":true,"showImageEffects":true,"showParticleSystems":true,"showVisualEffectGraphs":true,"m_FxEnabled":true},"in2DMode":false,"pivot":{"x":64.31298065185547,"y":265.8448486328125,"z":-1775.463134765625},"rotation":{"x":-0.20874108374118806,"y":0.013785026967525483,"z":-0.0029454841278493406,"w":-0.9778670072555542},"size":248.44944763183595,"orthographic":false}