{"cameraMode":{"drawMode":0,"name":"Shaded","section":"Shading Mode"},"sceneLighting":true,"audioPlay":false,"sceneViewState":{"m_AlwaysRefresh":false,"showFog":true,"showSkybox":true,"showFlares":true,"showImageEffects":true,"showParticleSystems":true,"showVisualEffectGraphs":true,"m_FxEnabled":true},"in2DMode":false,"pivot":{"x":-2.2670037746429445,"y":7.607268333435059,"z":-36.76565933227539},"rotation":{"x":-0.0022667560260742904,"y":0.9976733326911926,"z":-0.042236022651195529,"w":-0.05362556874752045},"size":21.456884384155275,"orthographic":false}