{"cameraMode":{"drawMode":0,"name":"Shaded","section":"Shading Mode"},"sceneLighting":true,"audioPlay":false,"sceneViewState":{"m_AlwaysRefresh":false,"showFog":true,"showSkybox":true,"showFlares":true,"showImageEffects":true,"showParticleSystems":true,"showVisualEffectGraphs":true,"m_FxEnabled":true},"in2DMode":false,"pivot":{"x":-3.9493165016174318,"y":-27.551284790039064,"z":-20.906843185424806},"rotation":{"x":-0.026454782113432885,"y":0.851795494556427,"z":-0.5214315056800842,"w":-0.04322436824440956},"size":40.609458923339847,"orthographic":false}